product_id,product_name,category,price,supplier
1,Product_1,Grocery,2453,Supplier_C
2,Product_2,Electronics,42080,
3,Product_3,Beauty,49640.8,
4,Product_4,Grocery,48526.5,Supplier_B
5,Product_5,Clothing,36480,
6,Product_6,Beauty,36548,
7,Product_7,,46626.8,Supplier_C
8,Product_8,,25344,Supplier_B
9,Product_9,Electronics,32134.3,Supplier_A
10,Product_10,,19875.9,Supplier_B
11,Product_11,Clothing,39589,Supplier_A
12,Product_12,Clothing,8838.5,Supplier_C
13,Product_13,,30557,
14,Product_14,Clothing,41250,Supplier_A
15,Product_15,,34041.6,
16,Product_16,,21792,Supplier_C
17,Product_17,Home,21159,
18,Product_18,,16929.9,Supplier_A
19,Product_19,,34380,
20,Product_20,Grocery,43289.1,
21,Product_21,Electronics,49953,
22,Product_22,Clothing,41660,Supplier_C
23,Product_23,Grocery,21583.8,Supplier_A
24,Product_24,Electronics,44166.6,Supplier_C
25,Product_25,Grocery,38636,
26,Product_26,Beauty,3860,Supplier_A
27,Product_27,Beauty,14674,
28,Product_28,Home,47874.2,
29,Product_29,,30033.3,Supplier_B
30,Product_30,Home,52773.6,
31,Product_31,Electronics,2709.9,Supplier_A
32,Product_32,Beauty,34244.1,Supplier_C
33,Product_33,Home,36257.4,
34,Product_34,Grocery,40732.2,
35,Product_35,,39953.1,Supplier_A
36,Product_36,,9627.3,Supplier_C
37,Product_37,Home,10145.3,Supplier_C
38,Product_38,Clothing,4471.5,Supplier_C
39,Product_39,,12682,
40,Product_40,Grocery,22070.4,Supplier_B
41,Product_41,Electronics,33049,Supplier_B
42,Product_42,Electronics,39938.8,
43,Product_43,,18296.3,Supplier_C
44,Product_44,Grocery,36135,
45,Product_45,Grocery,38204,
46,Product_46,Grocery,52575.6,
47,Product_47,Home,14293.8,
48,Product_48,Electronics,35393,Supplier_B
49,Product_49,Clothing,31616.1,
50,Product_50,,14692.5,Supplier_C
51,Product_51,,29386.8,
52,Product_52,,20914,Supplier_A
53,Product_53,,11136.6,Supplier_A
54,Product_54,Beauty,19158,
55,Product_55,Beauty,26890.2,Supplier_B
56,Product_56,Electronics,13322.1,Supplier_C
57,Product_57,,30937.5,Supplier_B
58,Product_58,Home,8943,Supplier_A
59,Product_59,,42950.6,Supplier_C
60,Product_60,,30556.9,
61,Product_61,Grocery,9850.5,Supplier_B
62,Product_62,Home,30108,Supplier_B
63,Product_63,Beauty,37709.1,Supplier_A
64,Product_64,,25039.8,Supplier_B
65,Product_65,Beauty,31444.2,
66,Product_66,Home,20828.7,Supplier_B
67,Product_67,Beauty,319.5,Supplier_A
68,Product_68,,10222.2,
69,Product_69,Electronics,42308.1,Supplier_B
70,Product_70,Grocery,656,
71,Product_71,Clothing,22499.4,
72,Product_72,Beauty,21476.7,
73,Product_73,,30012.3,Supplier_A
74,Product_74,,37492.2,Supplier_C
75,Product_75,Clothing,35749.8,Supplier_C
76,Product_76,Home,18924.3,Supplier_C
77,Product_77,Electronics,32754.6,
78,Product_78,Electronics,32351,Supplier_C
79,Product_79,Home,8539.3,Supplier_B
80,Product_80,,37732.5,
81,Product_81,,53343.4,Supplier_C
82,Product_82,Home,12587,
83,Product_83,Grocery,38363.4,Supplier_B
84,Product_84,Grocery,6315,
85,Product_85,,5897,
86,Product_86,,10566,Supplier_A
87,Product_87,Beauty,8559.1,Supplier_A
88,Product_88,,30644,Supplier_C
89,Product_89,,35836.2,Supplier_A
90,Product_90,Home,21728,
91,Product_91,Grocery,47762,Supplier_A
92,Product_92,Beauty,31603,Supplier_A
93,Product_93,Electronics,30859,Supplier_A
94,Product_94,Electronics,10612.8,
95,Product_95,Electronics,6313,Supplier_A
96,Product_96,,16553,Supplier_C
97,Product_97,,49502,Supplier_C
98,Product_98,,49646.3,Supplier_C
99,Product_99,Home,12217,Supplier_C
100,Product_100,Clothing,42138,
101,Product_101,Grocery,10363.1,Supplier_A
102,Product_102,Beauty,6755.1,Supplier_A
103,Product_103,,38494.5,Supplier_A
104,Product_104,Grocery,8467,
105,Product_105,Grocery,31361,Supplier_A
106,Product_106,Home,52384.2,
107,Product_107,Clothing,14872,Supplier_B
108,Product_108,,45135.2,Supplier_A
109,Product_109,Electronics,2258,Supplier_B
110,Product_110,Grocery,41027.4,
111,Product_111,Home,9804.3,Supplier_B
112,Product_112,Beauty,36767.7,Supplier_B
113,Product_113,,47641,Supplier_C
114,Product_114,Clothing,37144.8,
115,Product_115,Clothing,2314,Supplier_C
116,Product_116,Beauty,44110.8,
117,Product_117,,9781,
118,Product_118,Grocery,32006.7,
119,Product_119,Home,37105.2,Supplier_B
120,Product_120,Beauty,33522.3,Supplier_B
121,Product_121,Clothing,42961,
122,Product_122,Electronics,30697.7,Supplier_B
123,Product_123,,32559.3,Supplier_C
124,Product_124,Grocery,6212.8,
125,Product_125,,4502.3,Supplier_A
126,Product_126,Grocery,45789,Supplier_C
127,Product_127,Electronics,5556.1,Supplier_C
128,Product_128,,34766,Supplier_B
129,Product_129,,31731.7,
130,Product_130,Grocery,6552,
131,Product_131,,4725.6,Supplier_B
132,Product_132,Home,39971,Supplier_B
133,Product_133,Clothing,47432,Supplier_A
134,Product_134,Electronics,25270.2,
135,Product_135,Home,26580.4,
136,Product_136,Electronics,54850.4,Supplier_C
137,Product_137,Beauty,36002.7,Supplier_A
138,Product_138,Home,26294.4,Supplier_A
139,Product_139,Clothing,49196.4,
140,Product_140,,26302,Supplier_B
141,Product_141,Grocery,31556.8,Supplier_B
142,Product_142,Beauty,22512.6,
143,Product_143,Electronics,37954.8,Supplier_B
144,Product_144,Grocery,12781.8,Supplier_A
145,Product_145,Electronics,47712,Supplier_B
146,Product_146,Home,45222.1,
147,Product_147,,50151.2,
148,Product_148,,15969.8,Supplier_C
149,Product_149,Home,8497,Supplier_B
150,Product_150,Home,39360,Supplier_B
151,Product_151,Home,21151.8,
152,Product_152,Beauty,42428,Supplier_A
153,Product_153,Clothing,21906.5,Supplier_A
154,Product_154,Clothing,14229.6,
155,Product_155,,29805,
156,Product_156,Beauty,11808.5,
157,Product_157,Beauty,22554.4,Supplier_C
158,Product_158,Clothing,6346,Supplier_C
159,Product_159,Clothing,10342,Supplier_C
160,Product_160,Grocery,33251.9,Supplier_C
161,Product_161,Electronics,4196.5,Supplier_B
162,Product_162,,49549.5,
163,Product_163,Grocery,838.8,Supplier_B
164,Product_164,,30933,
165,Product_165,Clothing,32467.5,Supplier_C
166,Product_166,Grocery,48476,
167,Product_167,Clothing,6849.9,Supplier_C
168,Product_168,Home,8345,
169,Product_169,Grocery,43075,
170,Product_170,,7975.8,Supplier_C
171,Product_171,,36562.5,
172,Product_172,,12717.9,Supplier_A
173,Product_173,Grocery,3023.9,Supplier_C
174,Product_174,Clothing,38023.2,Supplier_C
175,Product_175,Beauty,18489.9,Supplier_A
176,Product_176,Home,5482,
177,Product_177,Electronics,51142.3,
178,Product_178,Grocery,42862.5,Supplier_B
179,Product_179,Beauty,46625,Supplier_B
180,Product_180,,21454,Supplier_B
181,Product_181,,17837,
182,Product_182,Electronics,46209.9,Supplier_C
183,Product_183,,11555.1,Supplier_C
184,Product_184,,11823,Supplier_C
185,Product_185,,19095,Supplier_B
186,Product_186,Beauty,13009,
187,Product_187,Electronics,30058.6,Supplier_C
188,Product_188,,47457.3,Supplier_C
189,Product_189,Home,12738.6,
190,Product_190,,48833.4,
191,Product_191,,9056,
192,Product_192,Electronics,41805.9,Supplier_A
193,Product_193,Beauty,46827,
194,Product_194,Electronics,44448,
195,Product_195,Beauty,5905.9,Supplier_B
196,Product_196,Grocery,40574.7,
197,Product_197,,26374.7,
198,Product_198,Clothing,5167.8,
199,Product_199,,33514.2,
200,Product_200,Beauty,10915,Supplier_C
201,Product_201,,31308,Supplier_C
202,Product_202,,37891.8,
203,Product_203,Clothing,620,
204,Product_204,Grocery,13323.6,
205,Product_205,,10565.1,Supplier_A
206,Product_206,Electronics,44258.5,
207,Product_207,Beauty,28143.9,Supplier_B
208,Product_208,Home,52181.8,
209,Product_209,,40301,Supplier_B
210,Product_210,Grocery,14733,Supplier_A
211,Product_211,Grocery,17622,
212,Product_212,Clothing,44117,
213,Product_213,,53354.4,
214,Product_214,Grocery,16589,Supplier_A
215,Product_215,Grocery,40762.8,Supplier_A
216,Product_216,Grocery,19329.3,Supplier_A
217,Product_217,Clothing,4343.4,Supplier_A
218,Product_218,Beauty,11946,
219,Product_219,Clothing,8600,Supplier_B
220,Product_220,,25743,Supplier_B
221,Product_221,,8816,Supplier_C
222,Product_222,Grocery,15969.8,
223,Product_223,,6024.6,Supplier_C
224,Product_224,,32914.8,Supplier_A
225,Product_225,Electronics,16467,Supplier_A
226,Product_226,Grocery,20931.3,
227,Product_227,,25210.8,
228,Product_228,Beauty,6040.1,
229,Product_229,Electronics,17790.3,
230,Product_230,Beauty,8738.4,
231,Product_231,,9572.2,Supplier_C
232,Product_232,Home,12676,
233,Product_233,Grocery,33117.7,
234,Product_234,,9047.7,
235,Product_235,,23652,
236,Product_236,Clothing,22039.2,
237,Product_237,Grocery,19403.1,
238,Product_238,Beauty,26757.9,
239,Product_239,Beauty,30316,
240,Product_240,,23309,Supplier_C
241,Product_241,Grocery,22395,Supplier_C
242,Product_242,Electronics,48758,Supplier_C
243,Product_243,,38415.3,
244,Product_244,,41047.2,
245,Product_245,Home,42449,
246,Product_246,Clothing,8224.7,
247,Product_247,Beauty,12345.3,
248,Product_248,Electronics,52588.8,
249,Product_249,Grocery,3003.3,Supplier_A
250,Product_250,Grocery,16079.8,Supplier_A
251,Product_251,Clothing,2872.1,Supplier_A
252,Product_252,Beauty,52490.9,
253,Product_253,Clothing,9266.4,Supplier_A
254,Product_254,Beauty,40798,Supplier_C
255,Product_255,Clothing,48008,Supplier_A
256,Product_256,Home,26110.7,Supplier_B
257,Product_257,Grocery,2433.6,Supplier_C
258,Product_258,Grocery,12310,
259,Product_259,Electronics,42461.1,Supplier_B
260,Product_260,,47347,Supplier_A
261,Product_261,,22957,Supplier_C
262,Product_262,Home,15344.1,Supplier_C
263,Product_263,Clothing,32903.2,
264,Product_264,Electronics,7015.8,
265,Product_265,Home,11880.9,
266,Product_266,Clothing,29229.3,
267,Product_267,Clothing,52049.8,Supplier_A
268,Product_268,Beauty,47831.3,Supplier_A
269,Product_269,,22059,Supplier_C
270,Product_270,Electronics,13251,
271,Product_271,Electronics,7039,Supplier_A
272,Product_272,Beauty,29133.9,
273,Product_273,Electronics,24631,Supplier_B
274,Product_274,Electronics,17589.6,
275,Product_275,Electronics,26280,
276,Product_276,,22476,Supplier_C
277,Product_277,,16388.9,Supplier_A
278,Product_278,,37592.5,Supplier_A
279,Product_279,Grocery,1115,
280,Product_280,Home,3391,Supplier_C
281,Product_281,Grocery,10377.4,Supplier_C
282,Product_282,Home,49222.8,
283,Product_283,Grocery,51220.4,
284,Product_284,,19544.4,Supplier_B
285,Product_285,Grocery,11618,Supplier_A
286,Product_286,Beauty,46292.4,Supplier_B
287,Product_287,Beauty,43988,
288,Product_288,Home,5908.5,Supplier_A
289,Product_289,Beauty,34553.7,
290,Product_290,,13787.4,Supplier_B
291,Product_291,Grocery,29962.8,Supplier_A
292,Product_292,Grocery,39489,Supplier_B
293,Product_293,,39559.3,
294,Product_294,Beauty,3875,Supplier_A
295,Product_295,Beauty,33417,Supplier_A
296,Product_296,Home,44960.4,Supplier_B
297,Product_297,Home,23135.4,
298,Product_298,,14094,
299,Product_299,Grocery,13445.1,Supplier_A
300,Product_300,Home,2634.3,Supplier_A
301,Product_301,,30220.3,
302,Product_302,,12363,Supplier_C
303,Product_303,Grocery,47260,
304,Product_304,,31736,
305,Product_305,Beauty,20937,
306,Product_306,Home,18676.8,
307,Product_307,Home,6717,Supplier_B
308,Product_308,,47053.6,Supplier_C
309,Product_309,Home,19688.9,
310,Product_310,Electronics,11976,Supplier_A
311,Product_311,Electronics,13887,Supplier_C
312,Product_312,Home,33743.6,Supplier_B
313,Product_313,,31474.3,
314,Product_314,,19021.5,
315,Product_315,Clothing,16331.7,
316,Product_316,Home,10533.6,Supplier_C
317,Product_317,Beauty,44379.9,
318,Product_318,Clothing,29314.8,Supplier_A
319,Product_319,Home,36198.9,Supplier_B
320,Product_320,Electronics,27743.4,
321,Product_321,,29851,
322,Product_322,Home,13801.7,Supplier_C
323,Product_323,Clothing,15442.2,
324,Product_324,Clothing,29889.2,Supplier_A
325,Product_325,Clothing,41981.5,Supplier_B
326,Product_326,Home,16171.2,Supplier_B
327,Product_327,,36339,Supplier_C
328,Product_328,,33576.3,
329,Product_329,Electronics,1258,
330,Product_330,Beauty,8883.6,
331,Product_331,Grocery,22004,
332,Product_332,,26467,Supplier_B
333,Product_333,,14903,Supplier_A
334,Product_334,Electronics,43690.9,
335,Product_335,Grocery,16450.5,Supplier_A
336,Product_336,,31724,
337,Product_337,Home,6548,
338,Product_338,Beauty,15271.2,Supplier_C
339,Product_339,,39123,Supplier_C
340,Product_340,Home,10165.5,Supplier_C
341,Product_341,Electronics,2167,
342,Product_342,Beauty,7002,
343,Product_343,Home,11071.5,
344,Product_344,,38628,Supplier_B
345,Product_345,Clothing,33934,
346,Product_346,,22148,Supplier_B
347,Product_347,Electronics,41768,
348,Product_348,Electronics,29988,Supplier_B
349,Product_349,Electronics,28657,Supplier_C
350,Product_350,Clothing,10586.4,
351,Product_351,Electronics,40558.1,
352,Product_352,Beauty,2740,
353,Product_353,Electronics,54243.2,Supplier_B
354,Product_354,,43263,Supplier_A
355,Product_355,Clothing,26645,Supplier_A
356,Product_356,Beauty,50766.1,Supplier_C
357,Product_357,Beauty,44000,Supplier_C
358,Product_358,Electronics,32708.5,Supplier_A
359,Product_359,Home,13026.6,Supplier_A
360,Product_360,,16062,Supplier_C
361,Product_361,Beauty,8440.2,Supplier_A
362,Product_362,,38333.9,Supplier_A
363,Product_363,Electronics,18021.6,Supplier_A
364,Product_364,Home,30232.8,Supplier_C
365,Product_365,,17010.4,
366,Product_366,Electronics,38578.5,
367,Product_367,,4226.4,Supplier_B
368,Product_368,Clothing,7749.5,Supplier_C
369,Product_369,Home,23861.7,
370,Product_370,Electronics,3945.7,
371,Product_371,Beauty,36693,Supplier_A
372,Product_372,,2578.4,Supplier_B
373,Product_373,,23699.5,Supplier_C
374,Product_374,,36419.4,Supplier_B
375,Product_375,Grocery,34264.8,Supplier_B
376,Product_376,Grocery,25384.5,
377,Product_377,Clothing,20305,Supplier_B
378,Product_378,,6306,Supplier_C
379,Product_379,,28923,Supplier_A
380,Product_380,Grocery,19683.4,
381,Product_381,Electronics,22872.6,Supplier_A
382,Product_382,Grocery,54278.4,
383,Product_383,Electronics,14870,Supplier_A
384,Product_384,Home,16005.6,Supplier_B
385,Product_385,Grocery,29821,
386,Product_386,,8641.8,Supplier_A
387,Product_387,Clothing,9927.5,Supplier_A
388,Product_388,Beauty,1984.5,Supplier_A
389,Product_389,Home,36598,Supplier_B
390,Product_390,Beauty,22302,
391,Product_391,Home,35221.5,Supplier_A
392,Product_392,,22909.7,Supplier_A
393,Product_393,Clothing,34830,Supplier_C
394,Product_394,Clothing,42783,Supplier_A
395,Product_395,,853,
396,Product_396,Beauty,19553.4,Supplier_A
397,Product_397,,21071.7,Supplier_C
398,Product_398,Home,27616.6,
399,Product_399,Beauty,51916.7,Supplier_A
400,Product_400,Clothing,39537.3,Supplier_A
401,Product_401,Electronics,18709.2,Supplier_A
402,Product_402,Clothing,21207.6,Supplier_B
403,Product_403,Beauty,34394.8,Supplier_C
404,Product_404,Grocery,47290.1,
405,Product_405,Grocery,1561.5,
406,Product_406,Clothing,9071.7,Supplier_C
407,Product_407,Clothing,48426,Supplier_B
408,Product_408,,14729.4,Supplier_C
409,Product_409,Home,27111.7,
410,Product_410,,18976.5,Supplier_A
411,Product_411,,11037,Supplier_B
412,Product_412,,32132.7,Supplier_B
413,Product_413,Electronics,29853.9,
414,Product_414,Beauty,13982.4,
415,Product_415,Clothing,8667,
416,Product_416,Electronics,48808,Supplier_C
417,Product_417,Beauty,7691.4,Supplier_C
418,Product_418,Clothing,25805.7,
419,Product_419,Grocery,48781.7,Supplier_B
420,Product_420,Beauty,3408.3,Supplier_C
421,Product_421,,2450.8,Supplier_C
422,Product_422,Home,23418,
423,Product_423,Beauty,46577,Supplier_A
424,Product_424,Electronics,46355,
425,Product_425,Electronics,36716,
426,Product_426,Beauty,35975.5,Supplier_B
427,Product_427,Beauty,7945.2,
428,Product_428,Clothing,32808,Supplier_C
429,Product_429,,30681.9,Supplier_A
430,Product_430,Grocery,38462.6,
431,Product_431,Home,28033.5,
432,Product_432,,2383.7,Supplier_C
433,Product_433,Clothing,42547,Supplier_A
434,Product_434,Home,30645.9,Supplier_C
435,Product_435,Electronics,43007.4,
436,Product_436,Beauty,8990.1,Supplier_C
437,Product_437,Clothing,45831.5,Supplier_B
438,Product_438,Grocery,37183,Supplier_B
439,Product_439,,3612.4,Supplier_B
440,Product_440,Electronics,18481.1,Supplier_A
441,Product_441,Beauty,11728.8,
442,Product_442,Home,19406.2,Supplier_C
443,Product_443,Electronics,12787.2,Supplier_C
444,Product_444,Electronics,47173,
445,Product_445,Grocery,4291.2,
446,Product_446,Electronics,20971,
447,Product_447,Electronics,27306.9,Supplier_A
448,Product_448,Beauty,53307.1,Supplier_C
449,Product_449,Clothing,31130,Supplier_A
450,Product_450,Beauty,35565,Supplier_C
451,Product_451,Grocery,27540,
452,Product_452,Home,27608,
453,Product_453,Home,10215.9,
454,Product_454,,27871.2,Supplier_B
455,Product_455,Beauty,24525,Supplier_A
456,Product_456,Clothing,1395.9,Supplier_B
457,Product_457,Grocery,31030.2,Supplier_A
458,Product_458,,8993.7,Supplier_B
459,Product_459,Beauty,16761.6,
460,Product_460,,47689,Supplier_A
461,Product_461,Electronics,13988,
462,Product_462,Grocery,15612,Supplier_B
463,Product_463,Home,2005,
464,Product_464,Clothing,14542,Supplier_C
465,Product_465,,32543.5,Supplier_B
466,Product_466,Clothing,41253.3,Supplier_B
467,Product_467,Beauty,24288,
468,Product_468,,37734.3,
469,Product_469,Grocery,33280,Supplier_B
470,Product_470,,2689.5,Supplier_B
471,Product_471,Clothing,9608.5,Supplier_A
472,Product_472,Home,6420.6,
473,Product_473,,16384.5,Supplier_C
474,Product_474,,384,
475,Product_475,Home,34136.1,
476,Product_476,,19117,
477,Product_477,Grocery,21820,
478,Product_478,Clothing,35962.2,Supplier_C
479,Product_479,Beauty,19636,
480,Product_480,Beauty,23434.4,
481,Product_481,Beauty,38899,Supplier_A
482,Product_482,,19709.1,
483,Product_483,Clothing,18877.5,
484,Product_484,,17204.4,Supplier_A
485,Product_485,Grocery,28666,Supplier_C
486,Product_486,,26808.3,
487,Product_487,Home,2277,Supplier_C
488,Product_488,Beauty,18691,Supplier_A
489,Product_489,,45820.5,Supplier_C
490,Product_490,,48578,Supplier_A
491,Product_491,,26737.2,Supplier_A
492,Product_492,,1072.8,
493,Product_493,,30002,Supplier_C
494,Product_494,Grocery,988.9,
495,Product_495,,25327.8,Supplier_C
496,Product_496,Home,9909.9,Supplier_B
497,Product_497,Clothing,30711.6,
498,Product_498,Clothing,45925,
499,Product_499,,33085.8,Supplier_B
500,Product_500,Home,35935.9,Supplier_A
501,Product_501,Electronics,10714.5,
502,Product_502,Clothing,11214,Supplier_A
503,Product_503,Grocery,35096.6,Supplier_B
504,Product_504,Home,29160.9,Supplier_C
505,Product_505,Electronics,28341,
506,Product_506,Electronics,24818,Supplier_B
507,Product_507,Grocery,671,
508,Product_508,,44622.6,Supplier_C
509,Product_509,Home,15371.1,
510,Product_510,Beauty,27471,Supplier_A
511,Product_511,Grocery,26659.6,
512,Product_512,Beauty,12472.2,
513,Product_513,Beauty,11812.9,
514,Product_514,,2232,Supplier_C
515,Product_515,Electronics,10234,Supplier_B
516,Product_516,Grocery,40024,Supplier_B
517,Product_517,Electronics,48046.9,Supplier_A
518,Product_518,Home,44850.3,
519,Product_519,Home,3307,Supplier_B
520,Product_520,,31467.7,
521,Product_521,Home,35133,
522,Product_522,Clothing,15059,
523,Product_523,,3653.1,
524,Product_524,Grocery,24401.3,Supplier_C
525,Product_525,Beauty,5021,
526,Product_526,,25051,Supplier_B
527,Product_527,Beauty,23428.9,
528,Product_528,Beauty,8419.5,Supplier_B
529,Product_529,Beauty,23021.1,
530,Product_530,Electronics,44446,
531,Product_531,Beauty,17993.8,
532,Product_532,Beauty,32694.3,Supplier_A
533,Product_533,Beauty,11869,
534,Product_534,Grocery,31154.2,
535,Product_535,Home,42319,Supplier_B
536,Product_536,,9177.3,
537,Product_537,,11061,Supplier_B
538,Product_538,Electronics,44265.6,Supplier_C
539,Product_539,Home,3822.3,
540,Product_540,,18212.4,
541,Product_541,,34777.8,Supplier_C
542,Product_542,,30242.7,Supplier_C
543,Product_543,Electronics,32354.3,
544,Product_544,,19686,Supplier_B
545,Product_545,Electronics,24660.9,Supplier_C
546,Product_546,Beauty,4137.3,Supplier_A
547,Product_547,,11415,Supplier_B
548,Product_548,Beauty,34623,
549,Product_549,,41973,Supplier_C
550,Product_550,Grocery,49089.7,Supplier_A
551,Product_551,,26308,
552,Product_552,Grocery,34959,Supplier_A
553,Product_553,Electronics,49117,
554,Product_554,Electronics,48337,Supplier_A
555,Product_555,Clothing,25421,Supplier_B
556,Product_556,Beauty,39179.7,Supplier_C
557,Product_557,Beauty,19626,
558,Product_558,,35904,Supplier_B
559,Product_559,Grocery,9875.8,Supplier_C
560,Product_560,Clothing,25875,
561,Product_561,,8044.3,Supplier_C
562,Product_562,Home,24450.3,Supplier_A
563,Product_563,Beauty,38133,Supplier_C
564,Product_564,Clothing,25867.6,
565,Product_565,Clothing,13427.7,
566,Product_566,Grocery,2234.7,Supplier_B
567,Product_567,,29097,
568,Product_568,,38436,Supplier_A
569,Product_569,,16196.4,Supplier_B
570,Product_570,Clothing,42409,
571,Product_571,Home,53311.5,Supplier_B
572,Product_572,Beauty,47357,
573,Product_573,Beauty,27398.8,
574,Product_574,,44660,Supplier_B
575,Product_575,,9698.4,Supplier_A
576,Product_576,Clothing,40795,Supplier_A
577,Product_577,Home,43877,
578,Product_578,Home,27737.1,Supplier_B
579,Product_579,Clothing,9231,Supplier_B
580,Product_580,,8243.1,Supplier_C
581,Product_581,Beauty,16246,Supplier_B
582,Product_582,Electronics,29861.7,Supplier_C
583,Product_583,Beauty,27406.5,Supplier_B
584,Product_584,Home,37783,Supplier_A
585,Product_585,,49064,Supplier_C
586,Product_586,Beauty,5028,Supplier_A
587,Product_587,,50993.8,Supplier_B
588,Product_588,Clothing,19519,
589,Product_589,Clothing,50013.7,Supplier_A
590,Product_590,,27954.9,Supplier_C
591,Product_591,Beauty,9315.9,
592,Product_592,Beauty,43440.1,Supplier_A
593,Product_593,Clothing,34727.4,Supplier_A
594,Product_594,Clothing,44028.6,
595,Product_595,Clothing,31167,Supplier_B
596,Product_596,Clothing,28115,Supplier_B
597,Product_597,,44645.7,Supplier_C
598,Product_598,Grocery,24304,
599,Product_599,,2943.6,
600,Product_600,,12016,Supplier_A
601,Product_601,,36191,Supplier_C
602,Product_602,,1636.8,Supplier_B
603,Product_603,Electronics,31153,Supplier_C
604,Product_604,Grocery,38491.2,
605,Product_605,Home,24693,Supplier_B
606,Product_606,Grocery,49535,
607,Product_607,Home,39712.5,Supplier_B
608,Product_608,Home,32825.7,
609,Product_609,Grocery,8635,
610,Product_610,Home,43542,
611,Product_611,,50086.3,
612,Product_612,Electronics,33005.7,Supplier_B
613,Product_613,Beauty,13765,Supplier_B
614,Product_614,Grocery,18412.9,Supplier_A
615,Product_615,,49418.6,
616,Product_616,Grocery,11112,
617,Product_617,,33102.3,
618,Product_618,Clothing,53207,
619,Product_619,,6504.3,
620,Product_620,Clothing,51774.8,
621,Product_621,Grocery,5479,
622,Product_622,Clothing,21479.4,Supplier_B
623,Product_623,,38199.6,Supplier_C
624,Product_624,Home,12795,Supplier_C
625,Product_625,Beauty,21649,
626,Product_626,Beauty,239.4,Supplier_C
627,Product_627,Beauty,4987.4,
628,Product_628,Clothing,15303.6,Supplier_B
629,Product_629,Home,27201,Supplier_C
630,Product_630,Clothing,12877.2,Supplier_C
631,Product_631,Grocery,30787,
632,Product_632,,5556.6,Supplier_C
633,Product_633,Beauty,27775,Supplier_C
634,Product_634,Beauty,27834.3,
635,Product_635,Home,31664.7,Supplier_B
636,Product_636,Home,43892,Supplier_B
637,Product_637,Electronics,28572,Supplier_A
638,Product_638,,2644,Supplier_A
639,Product_639,Grocery,1627.2,Supplier_A
640,Product_640,Home,15229.5,Supplier_B
641,Product_641,,43066,Supplier_B
642,Product_642,,6743,Supplier_C
643,Product_643,Beauty,8024.4,Supplier_B
644,Product_644,Beauty,40637,
645,Product_645,,40758.3,
646,Product_646,,6611,Supplier_A
647,Product_647,Clothing,43316,
648,Product_648,,27202,Supplier_A
649,Product_649,Home,23100.3,Supplier_A
650,Product_650,Grocery,39465.8,Supplier_C
651,Product_651,,40665.9,
652,Product_652,,1797,Supplier_A
653,Product_653,,20792.7,
654,Product_654,Home,2864.4,
655,Product_655,Electronics,9108,
656,Product_656,,10491.3,
657,Product_657,,4575.6,Supplier_A
658,Product_658,Grocery,2645.5,
659,Product_659,Clothing,2719.2,
660,Product_660,Clothing,21778.2,
661,Product_661,,32645.8,
662,Product_662,Clothing,30606,Supplier_C
663,Product_663,,46461,
664,Product_664,,33223.5,
665,Product_665,,34774.2,Supplier_C
666,Product_666,,8514.9,
667,Product_667,,35915,Supplier_C
668,Product_668,,21212.4,Supplier_B
669,Product_669,Electronics,23002,
670,Product_670,Electronics,48005.1,
671,Product_671,,38072,Supplier_B
672,Product_672,,12708.3,Supplier_B
673,Product_673,Home,362,Supplier_C
674,Product_674,Beauty,24114.6,Supplier_A
675,Product_675,Beauty,39156,Supplier_A
676,Product_676,Clothing,2553.1,
677,Product_677,Grocery,19550,
678,Product_678,,31813,
679,Product_679,Electronics,43645,Supplier_C
680,Product_680,Clothing,31372.2,
681,Product_681,,19920,
682,Product_682,Clothing,28474.2,
683,Product_683,Beauty,22813.2,Supplier_C
684,Product_684,Grocery,49410,Supplier_B
685,Product_685,,32177,Supplier_C
686,Product_686,,26756,
687,Product_687,Electronics,53644.8,Supplier_A
688,Product_688,Home,28999,Supplier_A
689,Product_689,Grocery,5842.8,Supplier_B
690,Product_690,Home,11511,
691,Product_691,Electronics,39268.9,Supplier_B
692,Product_692,Home,12317,Supplier_A
693,Product_693,Clothing,1954.7,Supplier_C
694,Product_694,Grocery,42607.4,Supplier_A
695,Product_695,Grocery,48556,Supplier_B
696,Product_696,,31684.5,Supplier_A
697,Product_697,Home,37660.7,Supplier_C
698,Product_698,Home,36881,Supplier_A
699,Product_699,Home,4048,Supplier_C
700,Product_700,Grocery,5255.1,
701,Product_701,Grocery,31252.1,Supplier_A
702,Product_702,Beauty,51557,Supplier_A
703,Product_703,,37509,Supplier_A
704,Product_704,,29023,Supplier_B
705,Product_705,,7893.9,
706,Product_706,,7705.8,Supplier_C
707,Product_707,,16432.9,
708,Product_708,Beauty,27710.1,Supplier_B
709,Product_709,,12547,Supplier_A
710,Product_710,,53048.6,
711,Product_711,Home,3888.9,Supplier_B
712,Product_712,Clothing,19739.7,
713,Product_713,Electronics,45048,
714,Product_714,,25734.6,Supplier_B
715,Product_715,Beauty,20339.1,Supplier_C
716,Product_716,Home,17442,Supplier_B
717,Product_717,Home,37648.8,Supplier_B
718,Product_718,Beauty,36366,
719,Product_719,Home,10271,
720,Product_720,Grocery,44653.4,Supplier_C
721,Product_721,Grocery,19962.9,Supplier_A
722,Product_722,,39939.9,
723,Product_723,,24083,
724,Product_724,Clothing,48998,
725,Product_725,Beauty,32025,Supplier_A
726,Product_726,,35795,Supplier_C
727,Product_727,,46753,Supplier_C
728,Product_728,Beauty,5835,
729,Product_729,,17381,
730,Product_730,Home,11738.7,
731,Product_731,Electronics,10307,Supplier_B
732,Product_732,,29347,Supplier_C
733,Product_733,Home,19593,Supplier_B
734,Product_734,Electronics,36978.3,Supplier_A
735,Product_735,Beauty,25242.8,Supplier_B
736,Product_736,,39695,
737,Product_737,Grocery,54010,
738,Product_738,Beauty,35433,Supplier_C
739,Product_739,Home,38644.2,Supplier_A
740,Product_740,,27938.7,
741,Product_741,Beauty,25315.2,Supplier_B
742,Product_742,,5139,
743,Product_743,Home,33227.7,Supplier_C
744,Product_744,Home,9213,Supplier_C
745,Product_745,Beauty,12660,
746,Product_746,Beauty,19526.1,
747,Product_747,,23189,Supplier_A
748,Product_748,Beauty,28111.5,Supplier_C
749,Product_749,Electronics,33552,
750,Product_750,,18180.9,
751,Product_751,,49150.2,Supplier_B
752,Product_752,Home,31552,
753,Product_753,Electronics,36864.3,Supplier_C
754,Product_754,Clothing,24423,
755,Product_755,Electronics,33732.9,Supplier_C
756,Product_756,Clothing,40957.4,Supplier_B
757,Product_757,Home,17580,
758,Product_758,Beauty,29692.8,Supplier_A
759,Product_759,Beauty,21893.3,
760,Product_760,Clothing,47736.7,
761,Product_761,,23487,Supplier_B
762,Product_762,Clothing,26262,
763,Product_763,Grocery,22026,
764,Product_764,,16245,Supplier_C
765,Product_765,,29442,Supplier_B
766,Product_766,Home,46869.9,
767,Product_767,Beauty,42163,Supplier_B
768,Product_768,Beauty,28115,Supplier_B
769,Product_769,Clothing,45834,
770,Product_770,Beauty,14104.2,Supplier_C
771,Product_771,Clothing,26629.2,Supplier_B
772,Product_772,Beauty,40000,
773,Product_773,Clothing,4619,Supplier_C
774,Product_774,Grocery,28627.5,Supplier_B
775,Product_775,Electronics,16669,Supplier_C
776,Product_776,Clothing,5989.5,Supplier_A
777,Product_777,Electronics,26581.5,
778,Product_778,,17105,Supplier_C
779,Product_779,Clothing,29228.1,
780,Product_780,,20026,Supplier_C
781,Product_781,,33156,Supplier_C
782,Product_782,Electronics,44417,Supplier_C
783,Product_783,Beauty,19834.2,Supplier_A
784,Product_784,Beauty,15542.1,Supplier_C
785,Product_785,,33954.8,Supplier_A
786,Product_786,Electronics,21247,Supplier_C
787,Product_787,Grocery,35937,Supplier_B
788,Product_788,Electronics,23506.2,Supplier_C
789,Product_789,Electronics,9495,Supplier_B
790,Product_790,Grocery,38188.8,Supplier_C
791,Product_791,Home,760,Supplier_C
792,Product_792,Home,1395.9,Supplier_C
793,Product_793,,47861,Supplier_B
794,Product_794,,12835,
795,Product_795,,4433.4,Supplier_B
796,Product_796,Electronics,29155,Supplier_B
797,Product_797,,6560,
798,Product_798,Clothing,10152,Supplier_A
799,Product_799,,16473.6,Supplier_B
800,Product_800,Beauty,27822.3,Supplier_B
801,Product_801,,40992.3,Supplier_C
802,Product_802,Electronics,31244.4,
803,Product_803,Home,11892.6,Supplier_C
804,Product_804,Grocery,24539.4,Supplier_B
805,Product_805,Home,113.4,Supplier_B
806,Product_806,Beauty,37001.8,Supplier_C
807,Product_807,Electronics,34764.4,Supplier_B
808,Product_808,,17202.6,
809,Product_809,Grocery,42780,Supplier_A
810,Product_810,Home,19433.7,Supplier_B
811,Product_811,Grocery,7835,Supplier_A
812,Product_812,Electronics,28620.9,
813,Product_813,Electronics,996.3,Supplier_C
814,Product_814,Grocery,45906.3,Supplier_A
815,Product_815,Electronics,35533,Supplier_A
816,Product_816,Electronics,47663,Supplier_C
817,Product_817,Grocery,7847.4,
818,Product_818,,45801.8,
819,Product_819,Clothing,4259.2,
820,Product_820,,22859.1,Supplier_A
821,Product_821,Beauty,21903,Supplier_C
822,Product_822,Electronics,4711,Supplier_C
823,Product_823,Electronics,14783.4,Supplier_B
824,Product_824,Electronics,22075.2,
825,Product_825,Electronics,17712.2,Supplier_C
826,Product_826,Home,40274.3,
827,Product_827,Home,17492.2,Supplier_A
828,Product_828,Home,43200.9,
829,Product_829,Electronics,8895.6,
830,Product_830,,10228.5,Supplier_C
831,Product_831,,32381.1,Supplier_B
832,Product_832,,27527.4,
833,Product_833,,31198.5,
834,Product_834,Beauty,12913.2,
835,Product_835,,33630.3,
836,Product_836,,43597.4,
837,Product_837,Clothing,51092.8,
838,Product_838,Beauty,36020.6,
839,Product_839,Home,17592.3,Supplier_C
840,Product_840,,29124,
841,Product_841,,27393.3,Supplier_C
842,Product_842,Beauty,19887,Supplier_A
843,Product_843,Clothing,17451.5,
844,Product_844,,5994.9,Supplier_C
845,Product_845,Home,40394.2,Supplier_A
846,Product_846,Beauty,4201.2,Supplier_B
847,Product_847,,8184,Supplier_B
848,Product_848,Home,1417,Supplier_C
849,Product_849,,31857,Supplier_C
850,Product_850,Clothing,9891,
851,Product_851,Beauty,12465,
852,Product_852,Grocery,36202,Supplier_B
853,Product_853,,36561.6,
854,Product_854,Home,14999,Supplier_C
855,Product_855,Electronics,20457,
856,Product_856,Home,28500.3,
857,Product_857,Clothing,2797.2,Supplier_B
858,Product_858,,46113,Supplier_B
859,Product_859,Beauty,38715.3,
860,Product_860,Clothing,24856,Supplier_A
861,Product_861,Clothing,30342.6,
862,Product_862,Grocery,49036.9,
863,Product_863,Grocery,50117.1,Supplier_A
864,Product_864,Clothing,22579.7,Supplier_A
865,Product_865,Home,2571.8,
866,Product_866,Home,11991.1,
867,Product_867,Grocery,42820,
868,Product_868,Home,22257.4,Supplier_C
869,Product_869,Grocery,53050.8,Supplier_B
870,Product_870,Grocery,44163.9,
871,Product_871,Beauty,43575.4,Supplier_B
872,Product_872,Grocery,10819.8,Supplier_A
873,Product_873,,47197,
874,Product_874,Electronics,50549.4,Supplier_A
875,Product_875,Clothing,30835.2,Supplier_B
876,Product_876,Electronics,21234.4,Supplier_B
877,Product_877,Home,10089,Supplier_C
878,Product_878,Beauty,29374.2,Supplier_A
879,Product_879,Beauty,24633,
880,Product_880,Home,16125.3,
881,Product_881,,28241.4,Supplier_C
882,Product_882,Home,25713.6,
883,Product_883,,12201,Supplier_B
884,Product_884,Beauty,22159,
885,Product_885,Beauty,30787.2,Supplier_B
886,Product_886,Home,22843.8,Supplier_B
887,Product_887,,32525,
888,Product_888,Home,28138.5,
889,Product_889,Beauty,42057,Supplier_C
890,Product_890,Grocery,27401.4,Supplier_C
891,Product_891,,48909,
892,Product_892,Electronics,23964,Supplier_C
893,Product_893,Grocery,37331,
894,Product_894,Clothing,17445.6,Supplier_A
895,Product_895,Grocery,23905.8,Supplier_C
896,Product_896,Home,15542.1,
897,Product_897,Beauty,47514,Supplier_A
898,Product_898,Home,24713.1,Supplier_B
899,Product_899,,2951.1,Supplier_A
900,Product_900,,34976,
901,Product_901,Electronics,39755.1,Supplier_C
902,Product_902,Home,33024,Supplier_A
903,Product_903,Home,35614.8,Supplier_C
904,Product_904,,47432,
905,Product_905,Electronics,46467.3,Supplier_B
906,Product_906,,24479,Supplier_C
907,Product_907,Home,26226.9,
908,Product_908,,37203.1,Supplier_A
909,Product_909,Clothing,17361.9,Supplier_B
910,Product_910,Beauty,28909.1,Supplier_A
911,Product_911,,11968,Supplier_B
912,Product_912,Clothing,22680,Supplier_A
913,Product_913,Clothing,35247,Supplier_B
914,Product_914,Clothing,42248.7,Supplier_B
915,Product_915,Electronics,34801,Supplier_A
916,Product_916,Home,28947,
917,Product_917,Beauty,32651.3,
918,Product_918,Clothing,26770,
919,Product_919,Grocery,35324.3,Supplier_A
920,Product_920,Clothing,18326,Supplier_C
921,Product_921,Home,54003.4,Supplier_C
922,Product_922,Grocery,4248,Supplier_C
923,Product_923,Beauty,43160.4,Supplier_B
924,Product_924,Beauty,20954.7,
925,Product_925,,44379.5,
926,Product_926,Clothing,27450.9,
927,Product_927,Clothing,32840.1,Supplier_B
928,Product_928,Clothing,26328,
929,Product_929,Grocery,9054,Supplier_B
930,Product_930,Beauty,22896,
931,Product_931,Home,42045.3,
932,Product_932,Grocery,51943.1,Supplier_B
933,Product_933,,37117.3,
934,Product_934,Grocery,22893.2,Supplier_B
935,Product_935,Beauty,30236.8,
936,Product_936,Grocery,32938.4,Supplier_B
937,Product_937,Beauty,6143.4,Supplier_C
938,Product_938,Clothing,23232,Supplier_B
939,Product_939,Electronics,4798.2,Supplier_C
940,Product_940,Clothing,14496,Supplier_B
941,Product_941,Beauty,22768.2,
942,Product_942,Home,22554,
943,Product_943,Grocery,32412.6,Supplier_C
944,Product_944,Electronics,52372.1,Supplier_C
945,Product_945,,42691,Supplier_A
946,Product_946,,49989.5,Supplier_B
947,Product_947,Clothing,16928,
948,Product_948,Beauty,25597,
949,Product_949,Electronics,39199,Supplier_A
950,Product_950,Beauty,36945,Supplier_A
951,Product_951,Clothing,32683.2,Supplier_C
952,Product_952,Home,23776,
953,Product_953,,19486,Supplier_C
954,Product_954,Home,16285.5,Supplier_C
955,Product_955,Grocery,12244.5,Supplier_B
956,Product_956,Beauty,37322.1,Supplier_B
957,Product_957,,43438.5,
958,Product_958,Electronics,48990,
959,Product_959,Clothing,39873,Supplier_A
960,Product_960,Beauty,4353,Supplier_C
961,Product_961,,28387,Supplier_C
962,Product_962,Clothing,23874.3,
963,Product_963,Clothing,28908,
964,Product_964,,35561,
965,Product_965,Home,11969,Supplier_A
966,Product_966,,17204.4,Supplier_C
967,Product_967,,16921.3,Supplier_B
968,Product_968,Home,52012.4,Supplier_A
969,Product_969,Grocery,28879.2,Supplier_A
970,Product_970,Electronics,33425.1,
971,Product_971,Clothing,34128.6,Supplier_C
972,Product_972,Electronics,28340,Supplier_C
973,Product_973,Clothing,42247.7,Supplier_B
974,Product_974,,37490.4,
975,Product_975,Home,31774,
976,Product_976,,16140,Supplier_A
977,Product_977,,33346.8,Supplier_A
978,Product_978,,30969,
979,Product_979,Home,23780.7,
980,Product_980,Beauty,49875.1,Supplier_B
981,Product_981,Clothing,50405.3,
982,Product_982,Electronics,46131,Supplier_B
983,Product_983,Beauty,28764,Supplier_A
984,Product_984,,10569,Supplier_B
985,Product_985,Home,26975,
986,Product_986,Home,49277,Supplier_C
987,Product_987,Beauty,1718,Supplier_B
988,Product_988,Home,33012.9,
989,Product_989,,36403,Supplier_C
990,Product_990,Home,34841.7,
991,Product_991,Grocery,9602.1,Supplier_B
992,Product_992,Clothing,27273.4,Supplier_A
993,Product_993,,39764.7,Supplier_A
994,Product_994,Clothing,14110.8,Supplier_A
995,Product_995,,19570.5,Supplier_A
996,Product_996,Electronics,35316,
997,Product_997,,18081.9,
998,Product_998,Grocery,27277.8,Supplier_A
999,Product_999,Clothing,23665.4,Supplier_A
1000,Product_1000,Electronics,12170,
